season,transfer_window,player_name,league_moving_from,club_moving_from,league_moving_to,clusb_moving_to,fee,date
2016-2017,Winter,Matt Gilks,NoneEPLChamp,Rangers,Championship,Wigan Athletic,Undisclosed,31/01/17
2016-2017,Winter,Josh Laurent,NoneEPLChamp,Hartlepool United,Championship,Wigan Athletic,500000,31/01/17
2016-2017,Winter,Mikael Mandron,NoneEPLChamp,Eastleigh,Championship,Wigan Athletic,50000,31/01/17
2016-2017,Winter,Gabriel Obertan,NoneEPLChamp,Unattached,Championship,Wigan Athletic,Free,31/01/17
2016-2017,Winter,Jordan Ayew,Championship,Aston Villa,NoneEPLChamp,Swansea,Swap,31/01/17
2016-2017,Winter,Manolo Gabbiadini,NoneEPLChamp,Napoli,Premier,Southampton,14000000,31/01/17
2016-2017,Winter,Matt Smith,Championship,Fulham,Championship,QPR,1000000,31/01/17
2016-2017,Winter,Pawel Wszolek,NoneEPLChamp,Verona,Championship,QPR,Undisclosed,31/01/17
2016-2017,Winter,Luka Milivojevic,NoneEPLChamp,Olympiacos,Premier,Crystal Palace,12000000,31/01/17
2016-2017,Winter,Robbie Brady,Championship,Norwich City,Premier,Burnley,1300000,31/01/17
2016-2017,Winter,Ashley Westwood,Championship,Aston Villa,Premier,Burnley,5000000,31/01/17
2016-2017,Winter,Matty Taylor,NoneEPLChamp,Bristol Rovers,Championship,Bristol City,300000,31/01/17
2016-2017,Winter,Glenn Murray,Premier,Bournemouth,Championship,Brighton & Hove Albion,30000,31/01/17
2016-2017,Winter,Sergi Canos,Championship,Norwich City,Championship,Brentford,2500000,31/01/17
2016-2017,Winter,Ryan Hedges,Premier,Swansea City,Championship,Barnsley,Undisclosed,31/01/17
2016-2017,Winter,Jacob Bedeau,NoneEPLChamp,Bury,Championship,Aston Villa,900000,31/01/17
2016-2017,Winter,Neil Taylor,Premier,Swansea City,Championship,Aston Villa,5000000,31/01/17
2016-2017,Winter,Jordi Gomez,Championship,Wigan Athletic,NoneEPLChamp,Rayo Vallecano,Undisclosed,31/01/17
2016-2017,Winter,Arnel Jakupovic,Premier,Middlesbrough,NoneEPLChamp,Empoli,Undisclosed,31/01/17
2016-2017,Winter,Odion Ighalo,Championship,Watford,NoneEPLChamp,Changchun Yatai,20000000,31/01/17
2016-2017,Winter,Helder Costa,NoneEPLChamp,Benfica,Championship,Wolverhampton Wanderers,13000000,30/01/17
2016-2017,Winter,Darron Gibson,Premier,Everton,Premier,Sunderland,4000000,30/01/17
2016-2017,Winter,Bryan Oviedo,Premier,Everton,Premier,Sunderland,3500000,30/01/17
2016-2017,Winter,Ben Purrington,NoneEPLChamp,Plymouth Argyle,Championship,Rotherham United,300000,30/01/17
2016-2017,Winter,Adrian Popa,NoneEPLChamp,Steaua Bucuresti,Championship,Reading,600000,30/01/17
2016-2017,Winter,Luke Freeman,Championship,Bristol City,Championship,QPR,300000,30/01/17
2016-2017,Winter,Dimitri Payet,Premier,West Ham United,NoneEPLChamp,Marseille,25000000,30/01/17
2016-2017,Winter,Sean Goss,Premier,Manchester United,Championship,QPR,500000,28/01/17
2016-2017,Winter,Robert Snodgrass,Premier,Hull City,Premier,West Ham United,10200000,27/01/17
2016-2017,Winter,Dion Conroy,Premier,Chelsea,NoneEPLChamp,Swindon Town,Undisclosed,27/01/17
2016-2017,Winter,Danny Rowe,NoneEPLChamp,Macclesfield Town,Championship,Ipswich Town,Undisclosed,27/01/17
2016-2017,Winter,Kyle McAllister,NoneEPLChamp,St Mirren,Championship,Derby County,400000,27/01/17
2016-2017,Winter,Florian Jozefzoon,NoneEPLChamp,PSV,Championship,Brentford,Undisclosed,27/01/17
2016-2017,Winter,Alex Mowatt,Championship,Leeds United,Championship,Barnsley,500000,27/01/17
2016-2017,Winter,Steven Taylor,NoneEPLChamp,Unattached,Championship,Ipswich Town,Free,26/01/17
2016-2017,Winter,Jonathan Burn,Premier,Middlesbrough,NoneEPLChamp,Bristol Rovers,Undisclosed,26/01/17
2016-2017,Winter,Conor Hourihane,Championship,Barnsley,Championship,Aston Villa,3000000,26/01/17
2016-2017,Winter,Mauro Zarate,NoneEPLChamp,Fiorentina,Championship,Watford,2300000,25/01/17
2016-2017,Winter,Birkir Bjarnason,NoneEPLChamp,Basel,Championship,Aston Villa,1500000,25/01/17
2016-2017,Winter,James Bree,Championship,Barnsley,Championship,Aston Villa,3000000,25/01/17
2016-2017,Winter,Luis Hernandez,Premier,Leicester City,NoneEPLChamp,Malaga,1750000,24/01/17
2016-2017,Winter,Tjaronn Chery,Championship,QPR,NoneEPLChamp,Guizhou Zhiceng,4500000,24/01/17
2016-2017,Winter,Dan Scarr,NoneEPLChamp,Stourbridge,Championship,Birmingham City,Undisclosed,23/01/17
2016-2017,Winter,Nathan Holland,Premier,Everton,Premier,West Ham United,Undisclosed,22/01/17
2016-2017,Winter,Sam Saunders,Championship,Brentford,NoneEPLChamp,Wycombe Wanderers,Free,20/01/17
2016-2017,Winter,Jose Fonte,Premier,Southampton,Premier,West Ham United,8000000,20/01/17
2016-2017,Winter,Jake Livermore,Premier,Hull City,Premier,West Bromwich Albion,10000000,20/01/17
2016-2017,Winter,Saido Berahino,Premier,West Bromwich Albion,Premier,Stoke City,12000000,20/01/17
2016-2017,Winter,Bryn Morris,Premier,Middlesbrough,NoneEPLChamp,Shrewsbury Town,Free,20/01/17
2016-2017,Winter,Collin Quaner,NoneEPLChamp,Union Berlin,Championship,Huddersfield Town,Undisclosed,20/01/17
2016-2017,Winter,Tommy O'Sullivan,Championship,Cardiff City,NoneEPLChamp,Colchester United,Undisclosed,20/01/17
2016-2017,Winter,Kerim Frei,NoneEPLChamp,Besiktas,Championship,Birmingham City,2200000,20/01/17
2016-2017,Winter,Henri Lansbury,Championship,Nottingham Forest,Championship,Aston Villa,2750000,20/01/17
2016-2017,Winter,Memphis Depay,Premier,Manchester United,NoneEPLChamp,Lyon,16000000,20/01/17
2016-2017,Winter,Richard O'Donnell,Championship,Bristol City,Championship,Rotherham United,Undisclosed,19/01/17
2016-2017,Winter,Wes Burns,Championship,Bristol City,NoneEPLChamp,Fleetwood Town,Undisclosed,19/01/17
2016-2017,Winter,Cheick Keita,NoneEPLChamp,Entella,Championship,Birmingham City,1000000,19/01/17
2016-2017,Winter,Tiago Ilori,Premier,Liverpool,Championship,Reading,3750000,18/01/17
2016-2017,Winter,Patrick Bamford,Premier,Chelsea,Premier,Middlesbrough,5500000,18/01/17
2016-2017,Winter,Eli Phipps,Championship,Cardiff City,NoneEPLChamp,Colchester United,Undisclosed,18/01/17
2016-2017,Winter,Emilio Nsue,Premier,Middlesbrough,Championship,Birmingham City,1000000,18/01/17
2016-2017,Winter,Martin Olsson,Championship,Norwich City,Premier,Swansea City,4000000,17/01/17
2016-2017,Winter,Tom Carroll,Premier,Tottenham Hotspur,Premier,Swansea City,4500000,17/01/17
2016-2017,Winter,Kieffer Moore,NoneEPLChamp,Forest Green Rovers,Championship,Ipswich Town,10000,16/01/17
2016-2017,Winter,Jordan Spence,NoneEPLChamp,Unattached,Championship,Ipswich Town,Free,16/01/17
2016-2017,Winter,Brandon Goodship,Premier,Bournemouth,NoneEPLChamp,Yeovil Town,Free,13/01/17
2016-2017,Winter,Thomas James,Championship,Cardiff City,NoneEPLChamp,Yeovil Town,Free,13/01/17
2016-2017,Winter,Duckens Nazon,NoneEPLChamp,Unattached,Championship,Wolverhampton Wanderers,Free,13/01/17
2016-2017,Winter,Sam Winnall,Championship,Barnsley,Championship,Sheffield Wednesday,500000,13/01/17
2016-2017,Winter,Daniel Lafferty,Premier,Burnley,NoneEPLChamp,Sheffield United,Undisclosed,13/01/17
2016-2017,Winter,Evandro,NoneEPLChamp,Porto,Premier,Hull City,Undisclosed,13/01/17
2016-2017,Winter,Joe Maguire,Premier,Liverpool,NoneEPLChamp,Fleetwood Town,Undisclosed,13/01/17
2016-2017,Winter,Ian Lawlor,Premier,Manchester City,NoneEPLChamp,Doncaster Rovers,Undisclosed,13/01/17
2016-2017,Winter,Jeffrey Schlupp,Premier,Leicester City,Premier,Crystal Palace,12000000,13/01/17
2016-2017,Winter,Sebastian Polter,Championship,QPR,NoneEPLChamp,Union Berlin,1200000,12/01/17
2016-2017,Winter,Luciano Narsingh,NoneEPLChamp,PSV,Premier,Swansea City,4000000,12/01/17
2016-2017,Winter,Sergiu Bus,Championship,Sheffield Wednesday,NoneEPLChamp,Astra Giurgiu,Free,12/01/17
2016-2017,Winter,Morgan Schneiderlin,Premier,Manchester United,Premier,Everton,24000000,12/01/17
2016-2017,Winter,George Glendon,Premier,Manchester City,NoneEPLChamp,Fleetwood Town,Undisclosed,12/01/17
2016-2017,Winter,Cohen Bramall,NoneEPLChamp,Hednesford Town,Premier,Arsenal,40000,10/01/17
2016-2017,Winter,Sebastian Polter,Championship,QPR,NoneEPLChamp,FC Union Berlin,Undisclosed,10/01/17
2016-2017,Winter,Sandro,Championship,QPR,NoneEPLChamp,Antalyaspor,Undisclosed,10/01/17
2016-2017,Winter,Will Boyle,Championship,Huddersfield Town,NoneEPLChamp,Cheltenham Town,Free,09/01/17
2016-2017,Winter,Tiago Ilori,Premier,Liverpool,Championship,Reading,3750000,09/01/17
2016-2017,Winter,David Nugent,Premier,Middlesbrough,Championship,Derby County,2500000,09/01/17
2016-2017,Winter,Pablo Hernandez,NoneEPLChamp,Al-Arabi,Championship,Leeds United,Undisclosed,09/01/17
2016-2017,Winter,Dominic Gape,Premier,Southampton,NoneEPLChamp,Wycombe Wanderers,Free,07/01/17
2016-2017,Winter,Jens Hegeler,NoneEPLChamp,Hertha BSC,Championship,Bristol City,Undisclosed,04/01/17
2016-2017,Winter,Luke Varney,NoneEPLChamp,Unattached,Championship,Burton Albion,Free,04/01/17
2016-2017,Winter,Rudy Gestede,Championship,Aston Villa,Premier,Middlesbrough,6000000,04/01/17
2016-2017,Winter,Lee Grant,Championship,Derby County,Premier,Stoke City,1300000,04/01/17
2016-2017,Winter,Marvin Sordell,NoneEPLChamp,Coventry City,Championship,Burton Albion,Free,01/01/17
2016-2017,Winter,Stuart Beavon,Championship,Burton Albion,NoneEPLChamp,Coventry City,Free,01/01/17
2016-2017,Winter,David Tutonda,Championship,Cardiff City,NoneEPLChamp,Barnet,Free,31/12/16
2016-2017,Winter,Oscar,Premier,Chelsea,NoneEPLChamp,Shanghai SIPG,52000000,23/12/16
2016-2017,Winter,Lukas Jutkiewicz,Premier,Burnley,Championship,Birmingham City,1000000,20/12/16
2016-2017,Winter,Joey Barton,NoneEPLChamp,Unattached,Premier,Burnley,Free,20/12/16
2016-2017,Winter,Andy Boyle,NoneEPLChamp,Dundalk,Championship,Preston North End,Free,12/12/16
2016-2017,Winter,Daryl Horgan,NoneEPLChamp,Dundalk,Championship,Preston North End,Free,12/12/16
2016-2017,Winter,Tom Barkhuizen,NoneEPLChamp,Morecambe,Championship,Preston North End,Compensation,18/11/16
2016-2017,Winter,Alex Finney,NoneEPLChamp,Unattached,Championship,QPR,Free,18/11/16
2016-2017,Winter,Peter Odemwingie,NoneEPLChamp,Unattached,Championship,Rotherham United,Free,29/10/16
2016-2017,Winter,Kieran Richardson,NoneEPLChamp,Unattached,Championship,Cardiff City,Free,12/10/16
2016-2017,Winter,Sol Bamba,NoneEPLChamp,Unattached,Championship,Cardiff City,Free,11/10/16
2016-2017,Winter,Marouane Chamakh,NoneEPLChamp,Unattached,Championship,Cardiff City,Free,11/10/16
2016-2017,Winter,Junior Hoilett,NoneEPLChamp,Unattached,Championship,Cardiff City,Free,10/10/16
2016-2017,Winter,Harry Souttar,NoneEPLChamp,Dundee United,Premier,Stoke City,200000,27/09/16
2016-2017,Winter,Omari Patrick,NoneEPLChamp,Unattached,Championship,Barnsley,Free,22/09/16
2016-2017,Winter,Wes Brown,NoneEPLChamp,Unattached,Championship,Blackburn Rovers,Free,21/09/16
2016-2017,Winter,Mathieu Flamini,NoneEPLChamp,Unattached,Premier,Crystal Palace,Free,08/09/16
2016-2017,Winter,Nicklas Bendtner,NoneEPLChamp,Unattached,Championship,Nottingham Forest,Free,07/09/16
2016-2017,Winter,Mika,NoneEPLChamp,Boavista,Premier,Sunderland,Undisclosed,07/09/16
2016-2017,Winter,Joel Ekstrand,NoneEPLChamp,Unattached,Championship,Bristol City,Free,06/09/16
2016-2017,Winter,Urby Emanuelson,NoneEPLChamp,Unattached,Championship,Sheffield Wednesday,Free,06/09/16
2016-2017,Winter,Dexter Blackstock,NoneEPLChamp,Unattached,Championship,Rotherham United,Free,05/09/16
2016-2017,Winter,Brian Murphy,NoneEPLChamp,Unattached,Championship,Cardiff City,Free,02/09/16
2016-2017,Winter,Victor Anichebe,NoneEPLChamp,Unattached,Premier,Sunderland,Free,02/09/16
2016-2017,Summer,Rico Henry,NoneEPLChamp,Walsall,Championship,Brentford,1500000,31/08/16
2016-2017,Summer,Jeff Hendrick,Championship,Derby County,Premier,Burnley,10500000,31/08/16
2016-2017,Summer,Didier N'Dong,NoneEPLChamp,Lorient,Premier,Sunderland,13600000,31/08/16
2016-2017,Summer,Marcos Alonso,NoneEPLChamp,Fiorentina,Premier,Chelsea,23000000,31/08/16
2016-2017,Summer,Islam Slimani,NoneEPLChamp,Sporting CP,Premier,Leicester City,29000000,31/08/16
2016-2017,Summer,Moussa Sissoko,Championship,Newcastle United,Premier,Tottenham Hotspur,30000000,31/08/16
2016-2017,Summer,David Luiz,NoneEPLChamp,PSG,Premier,Chelsea,34000000,31/08/16
2016-2017,Summer,Alvaro Arbeloa,NoneEPLChamp,Real Madrid,Premier,West Ham United,Free,31/08/16
2016-2017,Summer,Mario Balotelli,Premier,Liverpool,NoneEPLChamp,Nice,Free,31/08/16
2016-2017,Summer,Mustapha Carayol,Premier,Middlesbrough,Championship,Nottingham Forest,Free,31/08/16
2016-2017,Summer,Emmanuel Ledesma,Championship,Brentford,NoneEPLChamp,Panetolikos,Free,31/08/16
2016-2017,Summer,Charlie Mulgrew,NoneEPLChamp,Celtic,Championship,Blackburn Rovers,Free,31/08/16
2016-2017,Summer,Hal Robson-Kanu,Championship,Reading,Premier,West Bromwich Albion,Free,31/08/16
2016-2017,Summer,Chris Weale,NoneEPLChamp,Yeovil Town,Championship,Derby County,Free,31/08/16
2016-2017,Summer,Rickie Lambert,Premier,West Bromwich Albion,Championship,Cardiff City,Undisclosed,31/08/16
2016-2017,Summer,Albert Adomah,Premier,Middlesbrough,Championship,Aston Villa,5000000,31/08/16
2016-2017,Summer,Ikechi Anya,Championship,Watford,Championship,Derby County,3500000,31/08/16
2016-2017,Summer,Nathan Byrne,Championship,Wolverhampton Wanderers,Championship,Wigan Athletic,400000,31/08/16
2016-2017,Summer,Ivan Cavaleiro,NoneEPLChamp,Monaco,Championship,Wolverhampton Wanderers,7000000,31/08/16
2016-2017,Summer,Cameron Dummigan,Premier,Burnley,NoneEPLChamp,Oldham Athletic,Undisclosed,31/08/16
2016-2017,Summer,Gustav Engvall,NoneEPLChamp,Goteborg,Championship,Bristol City,Undisclosed,31/08/16
2016-2017,Summer,Serge Gnabry,Premier,Arsenal,NoneEPLChamp,Werder Bremen,4250000,31/08/16
2016-2017,Summer,Cole Kpekawa,Championship,QPR,Championship,Barnsley,450000,31/08/16
2016-2017,Summer,Lica,NoneEPLChamp,Porto,Championship,Nottingham Forest,300000,31/08/16
2016-2017,Summer,Cameron McJannett,NoneEPLChamp,Luton Town,Premier,Stoke City,Undisclosed,31/08/16
2016-2017,Summer,Georges-Kevin N'Koud,NoneEPLChamp,Marseille,Premier,Tottenham Hotspur,10800000,31/08/16
2016-2017,Summer,Allan Nyom,Championship,Watford,Premier,West Bromwich Albion,3000000,31/08/16
2016-2017,Summer,Eunan O'Kane,Premier,Bournemouth,Championship,Leeds United,1000000,31/08/16
2016-2017,Summer,Jack Senior,Championship,Huddersfield Town,NoneEPLChamp,Luton Town,Undisclosed,31/08/16
2016-2017,Summer,Adama Traore,Championship,Aston Villa,Premier,Middlesbrough,Undisclosed,31/08/16
2016-2017,Summer,Lars Veldwijk,Championship,Nottingham Forest,NoneEPLChamp,Kortrijk,Undisclosed,31/08/16
2016-2017,Summer,Marnick Vermijl,Championship,Sheffield Wednesday,Championship,Preston North End,Undisclosed,31/08/16
2016-2017,Summer,Kaiyne Woolery,NoneEPLChamp,Bolton Wanderers,Championship,Wigan Athletic,Undisclosed,31/08/16
2016-2017,Summer,Lucas Perez,NoneEPLChamp,Deportivo de La Coruna,Premier,Arsenal,17100000,30/08/16
2016-2017,Summer,Shkodran Mustafi,NoneEPLChamp,Valencia,Premier,Arsenal,35000000,30/08/16
2016-2017,Summer,Alfie Mawson,Championship,Barnsley,Premier,Swansea City,5000000,30/08/16
2016-2017,Summer,Leon Best,Championship,Rotherham United,Championship,Ipswich Town,Free,30/08/16
2016-2017,Summer,Adam Chicksen,Championship,Brighton & Hove Albion,NoneEPLChamp,Charlton Athletic,Free,30/08/16
2016-2017,Summer,Adrian Mariappa,Premier,Crystal Palace,Championship,Watford,Free,30/08/16
2016-2017,Summer,Frazer Richardson,Championship,Rotherham United,NoneEPLChamp,Doncaster Rovers,Free,30/08/16
2016-2017,Summer,Cristian Gamboa,NoneEPLChamp,West Bromich Albion,NoneEPLChamp,Celtic,1000000,30/08/16
2016-2017,Summer,Brad Halliday,Premier,Middlesbrough,NoneEPLChamp,Cambridge United,Undisclosed,30/08/16
2016-2017,Summer,Adam Jackson,Premier,Middlesbrough,Championship,Barnsley,Undisclosed,30/08/16
2016-2017,Summer,Will Keane,Premier,Manchester United,Premier,Hull City,1000000,30/08/16
2016-2017,Summer,Jonathan Kodjia,Championship,Bristol City,Championship,Aston Villa,15000000,30/08/16
2016-2017,Summer,Caolan Lavery,Championship,Sheffield Wednesday,NoneEPLChamp,Sheffield United,Free,30/08/16
2016-2017,Summer,David Marshall,Championship,Cardiff City,Premier,Hull City,5000000,30/08/16
2016-2017,Summer,Ryan Mason,Premier,Tottenham Hotspur,Premier,Hull City,10000000,30/08/16
2016-2017,Summer,Nelson Oliveira,NoneEPLChamp,Benfica,Championship,Norwich City,4200000,30/08/16
2016-2017,Summer,Romain Saiss,NoneEPLChamp,Angers,Championship,Wolverhampton Wanderers,3400000,30/08/16
2016-2017,Summer,Idrissa Sylla,NoneEPLChamp,Anderlecht,Championship,QPR,1500000,30/08/16
2016-2017,Summer,Sofiane Boufal,NoneEPLChamp,Lille,Premier,Southampton,16000000,29/08/16
2016-2017,Summer,Nacer Chadli,Premier,Tottenham Hotspur,NoneEPLChamp,West Bromich Albion,13000000,29/08/16
2016-2017,Summer,Joleon Lescott,Championship,Aston Villa,NoneEPLChamp,AEK Athens,Free,29/08/16
2016-2017,Summer,Stefano Okaka,NoneEPLChamp,Anderlecht,Championship,Watford,Undisclosed,29/08/16
2016-2017,Summer,Achraf Lazaar,NoneEPLChamp,Palermo,Championship,Newcastle United,3000000,28/08/16
2016-2017,Summer,Daryl Murphy,Championship,Ipswich Town,Championship,Newcastle United,3000000,28/08/16
2016-2017,Summer,Oliver Burke,Championship,Nottingham Forest,NoneEPLChamp,RB Leipzig,15000000,28/08/16
2016-2017,Summer,Anton Ferdinand,Championship,Reading,NoneEPLChamp,Southend United,Free,27/08/16
2016-2017,Summer,Matej Vydra,Championship,Watford,Championship,Derby County,8000000,27/08/16
2016-2017,Summer,Jamie Paterson,Championship,Nottingham Forest,Championship,Bristol City,Undisclosed,27/08/16
2016-2017,Summer,Paul Gladon,NoneEPLChamp,Heracles Almelo,Championship,Wolverhampton Wanderers,1000000,26/08/16
2016-2017,Summer,Stuart Taylor,NoneEPLChamp,Unattached,Premier,Southampton,Free,26/08/16
2016-2017,Summer,Martin Paterson,NoneEPLChamp,Blackpool,NoneEPLChamp,Port Vale,Free,26/08/16
2016-2017,Summer,Stefan Johansen,NoneEPLChamp,Celtic,Championship,Fulham,2000000,26/08/16
2016-2017,Summer,Neeskens Kebano,NoneEPLChamp,Genk,Championship,Fulham,3800000,26/08/16
2016-2017,Summer,Gael Bigirimana,Championship,Newcastle United,NoneEPLChamp,Coventry City,Undisclosed,26/08/16
2016-2017,Summer,Shaun Barker,NoneEPLChamp,Unattached,Championship,Burton Albion,Free,26/08/16
2016-2017,Summer,Shane Duffy,Championship,Blackburn Rovers,Championship,Brighton & Hove Albion,4000000,26/08/16
2016-2017,Summer,Derrick Williams,Championship,Bristol City,Championship,Blackburn Rovers,Undisclosed,26/08/16
2016-2017,Summer,Joe Bennett,Championship,Aston Villa,Championship,Cardiff City,Free,26/08/16
2016-2017,Summer,Taylor Moore,NoneEPLChamp,Lens,Championship,Bristol City,1500000,25/08/16
2016-2017,Summer,Claudio Bravo,NoneEPLChamp,Barcelona,Premier,Manchester City,17100000,25/08/16
2016-2017,Summer,Marcus Beauchamp,Championship,Norwich City,NoneEPLChamp,Newport County,Free,25/08/16
2016-2017,Summer,Calum Butcher,Championship,Burton Albion,NoneEPLChamp,Millwall,Free,25/08/16
2016-2017,Summer,Harry Campbell,NoneEPLChamp,Bolton Wanderers,Championship,Burton Albion,Free,25/08/16
2016-2017,Summer,Izale McLeod,NoneEPLChamp,Notts County,NoneEPLChamp,Yeovil Town,Free,25/08/16
2016-2017,Summer,Jack Payne,NoneEPLChamp,Peterborough United,NoneEPLChamp,Blackpool,Free,25/08/16
2016-2017,Summer,Eduardo,NoneEPLChamp,Dinamo Zagreb,Premier,Chelsea,Undisclosed,25/08/16
2016-2017,Summer,Ryan Ledson,Premier,Everton,NoneEPLChamp,Oxford United,Undisclosed,25/08/16
2016-2017,Summer,Simon Church,NoneEPLChamp,MK Dons,NoneEPLChamp,Roda JC,Undisclosed,24/08/16
2016-2017,Summer,Tareiq Holmes-Dennis,NoneEPLChamp,Charlton Athletic,Championship,Huddersfield Town,Undisclosed,24/08/16
2016-2017,Summer,Daryl Janmaat,Championship,Newcastle United,Championship,Watford,7500000,24/08/16
2016-2017,Summer,Vladimir Stojkovic,NoneEPLChamp,Maccabi Haifa,Championship,Nottingham Forest,Undisclosed,24/08/16
2016-2017,Summer,Kyle Copp,Premier,Swansea City,NoneEPLChamp,Yeovil Town,Free,24/08/16
2016-2017,Summer,Uche Ikpeazu,Championship,Watford,NoneEPLChamp,Cambridge United,Free,24/08/16
2016-2017,Summer,James Vaughan,Championship,Birmingham City,NoneEPLChamp,Bury,Free,24/08/16
2016-2017,Summer,DeAndre Yedlin,Premier,Tottenham Hotspur,Championship,Newcastle United,5000000,24/08/16
2016-2017,Summer,Ritchie De Laet,Premier,Leicester City,Championship,Aston Villa,2500000,23/08/16
2016-2017,Summer,Ragnar Sigurosson,NoneEPLChamp,Krasnodar,Championship,Fulham,Undisclosed,23/08/16
2016-2017,Summer,Marko Marin,Premier,Chelsea,NoneEPLChamp,Olympiacos,2500000,23/08/16
2016-2017,Summer,Christian Benteke,Premier,Liverpool,Premier,Crystal Palace,27000000,20/08/16
2016-2017,Summer,Liam Donnelly,Championship,Fulham,NoneEPLChamp,Hartlepool United,Free,20/08/16
2016-2017,Summer,Liam Moore,Premier,Leicester City,Championship,Reading,1000000,20/08/16
2016-2017,Summer,Martyn Woolford,NoneEPLChamp,Sheffield United,NoneEPLChamp,Fleetwood Town,Free,20/08/16
2016-2017,Summer,Younes Kaboul,Premier,Sunderland,Championship,Watford,4000000,19/08/16
2016-2017,Summer,Simon Moore,Championship,Cardiff City,NoneEPLChamp,Sheffield United,500000,19/08/16
2016-2017,Summer,Roberto Pereyra,NoneEPLChamp,Juventus,Championship,Watford,12000000,19/08/16
2016-2017,Summer,Steven Pienaar,Premier,Everton,Premier,Sunderland,Free,19/08/16
2016-2017,Summer,Vincent Sasso,NoneEPLChamp,Braga,Championship,Sheffield Wednesday,Undisclosed,19/08/16
2016-2017,Summer,Sandro Wieser,NoneEPLChamp,Thun,Championship,Reading,Free,18/08/16
2016-2017,Summer,Mile Jedinak,Premier,Crystal Palace,Championship,Aston Villa,4000000,17/08/16
2016-2017,Summer,Jordi Gomez,Premier,Sunderland,Championship,Wigan Athletic,Free,17/08/16
2016-2017,Summer,Vincent Rabiega,NoneEPLChamp,RB Leipzig,NoneEPLChamp,Bradford City,Free,16/08/16
2016-2017,Summer,Steven Defour,NoneEPLChamp,Anderlecht,Premier,Burnley,7350000,16/08/16
2016-2017,Summer,Liam Bridcutt,Premier,Sunderland,Championship,Leeds United,2500000,16/08/16
2016-2017,Summer,David Jones,Premier,Burnley,Championship,Sheffield Wednesday,2600000,16/08/16
2016-2017,Summer,Yannick Bolasie,Premier,Crystal Palace,Premier,Everton,25000000,15/08/16
2016-2017,Summer,Prince Oniangue,NoneEPLChamp,Stade Reims,Championship,Wolverhampton Wanderers,2200000,15/08/16
2016-2017,Summer,Jordan Turnbull,Premier,Southampton,NoneEPLChamp,Coventry City,Undisclosed,15/08/16
2016-2017,Summer,Marc Wilson,Premier,Stoke City,Premier,Bournemouth,2000000,15/08/16
2016-2017,Summer,Dorus de Vries,Championship,Nottingham Forest,NoneEPLChamp,Celtic,Nominal,13/08/16
2016-2017,Summer,Shaun MacDonald,Premier,Bournemouth,Championship,Wigan Athletic,250000,13/08/16
2016-2017,Summer,Calaum Jahraldo-Marti,Premier,Hull City,NoneEPLChamp,Oldham Athletic,Free,12/08/16
2016-2017,Summer,Jamie O'Hara,Championship,Fulham,NoneEPLChamp,Gillingham,Free,12/08/16
2016-2017,Summer,Emmanuel Sonupe,Premier,Tottenham Hotspur,NoneEPLChamp,Northampton Town,Free,12/08/16
2016-2017,Summer,Luke Varney,NoneEPLChamp,Unattached,Championship,Ipswich Town,Free,12/08/16
2016-2017,Summer,Emyr Huws,Championship,Wigan Athletic,Championship,Cardiff City,2500000,12/08/16
2016-2017,Summer,Jozabed,NoneEPLChamp,Rayo Vallecano,Championship,Fulham,3400000,12/08/16
2016-2017,Summer,Greg Stewart,NoneEPLChamp,Dundee,Championship,Birmingham City,500000,12/08/16
2016-2017,Summer,Elias Fritjof Sorensen,NoneEPLChamp,HB Koge,Championship,Newcastle United,Undisclosed,12/08/16
2016-2017,Summer,Kieran Agard,Championship,Bristol City,NoneEPLChamp,MK Dons,Undisclosed,11/08/16
2016-2017,Summer,Luke Ayling,Championship,Bristol City,Championship,Leeds United,750000,11/08/16
2016-2017,Summer,Borja Baston,NoneEPLChamp,Atletico Madrid,Premier,Swansea City,15000000,11/08/16
2016-2017,Summer,Sessi D'Almeida,NoneEPLChamp,Paris Saint-Germain,Championship,Barnsley,Free,11/08/16
2016-2017,Summer,Donald Love,Premier,Manchester United,Premier,Sunderland,1000000,11/08/16
2016-2017,Summer,Paddy McNair,Premier,Manchester United,Premier,Sunderland,4500000,11/08/16
2016-2017,Summer,Ashley Williams,Premier,Swansea City,Premier,Everton,12000000,10/08/16
2016-2017,Summer,Emmanuel Ledesma,Championship,Rotherham United,Championship,Brentford,Free,09/08/16
2016-2017,Summer,Harry Smith,NoneEPLChamp,Folkestone Invicta,NoneEPLChamp,Millwall,Undisclosed,09/08/16
2016-2017,Summer,John Stones,Premier,Everton,Premier,Manchester City,47500000,09/08/16
2016-2017,Summer,Paul Pogba,NoneEPLChamp,Juventus,Premier,Manchester United,89000000,09/08/16
2016-2017,Summer,Che Adams,NoneEPLChamp,Sheffield United,Championship,Birmingham City,2000000,08/08/16
2016-2017,Summer,Andre Ayew,Premier,Swansea City,Premier,West Ham United,20000000,08/08/16
2016-2017,Summer,Amine Linganzi,NoneEPLChamp,Frejus Saint-Raphael,NoneEPLChamp,Portsmouth,Free,08/08/16
2016-2017,Summer,Arthur Masuaku,NoneEPLChamp,Olympiakos,Premier,West Ham United,6200000,08/08/16
2016-2017,Summer,Ryan McLaughlin,Premier,Liverpool,NoneEPLChamp,Oldham Athletic,Free,08/08/16
2016-2017,Summer,Liam O'Brien,NoneEPLChamp,Dagenham & Redbridge,NoneEPLChamp,Portsmouth,Free,08/08/16
2016-2017,Summer,Papy Djilobodji,Premier,Chelsea,Premier,Sunderland,8000000,05/08/16
2016-2017,Summer,Callum Harriott,NoneEPLChamp,Charlton Athletic,Championship,Reading,Undisclosed,05/08/16
2016-2017,Summer,Fernando Llorente,NoneEPLChamp,Sevilla,Premier,Swansea City,5000000,05/08/16
2016-2017,Summer,Ryan Sweeney,NoneEPLChamp,Wimbledon,Premier,Stoke City,250000,05/08/16
2016-2017,Summer,Marlos Moreno,NoneEPLChamp,Atletico Nacional,Premier,Manchester City,4750000,06/08/16
2016-2017,Summer,Paul Jones,NoneEPLChamp,Portsmouth,Championship,Norwich City,Free,04/08/16
2016-2017,Summer,Ross McCormack,Championship,Fulham,Championship,Aston Villa,12000000,04/08/16
2016-2017,Summer,Jason Pearce,Championship,Wigan Athletic,NoneEPLChamp,Charlton Athletic,Undisclosed,04/08/16
2016-2017,Summer,Alex Pritchard,Premier,Tottenham Hotspur,Championship,Norwich City,8000000,04/08/16
2016-2017,Summer,Ciaran Clark,Championship,Aston Villa,Championship,Newcastle United,5000000,03/08/16
2016-2017,Summer,Mohamed Diame,Premier,Hull City,Championship,Newcastle United,4500000,03/08/16
2016-2017,Summer,Gabriel Jesus,NoneEPLChamp,Palmeiras,Premier,Manchester City,27000000,03/08/16
2016-2017,Summer,Bartosz Kapustka,NoneEPLChamp,Cracovia,Premier,Leicester City,7500000,03/08/16
2016-2017,Summer,Lee Nicholls,Championship,Wigan Athletic,NoneEPLChamp,MK Dons,Free,03/08/16
2016-2017,Summer,Mohamed Salah,Premier,Chelsea,NoneEPLChamp,Roma,Undisclosed,03/08/16
2016-2017,Summer,Jon Taylor,NoneEPLChamp,Peterborough United,Championship,Rotherham United,500000,03/08/16
2016-2017,Summer,Oliver Norwood,Championship,Reading,Championship,Brighton & Hove Albion,Undisclosed,03/08/16
2016-2017,Summer,Jerome Binnom-Willia,Premier,Crystal Palace,NoneEPLChamp,Peterborough United,Free,02/08/16
2016-2017,Summer,Jon Daoi Boovarsson,NoneEPLChamp,Kaiserslautern,Championship,Wolverhampton Wanderers,1000000,02/08/16
2016-2017,Summer,Gordon Greer,Championship,Brighton & Hove Albion,Championship,Blackburn Rovers,Free,02/08/16
2016-2017,Summer,Idrissa Gueye,Championship,Aston Villa,Premier,Everton,7100000,02/08/16
2016-2017,Summer,Angus MacDonald,NoneEPLChamp,Torquay United,Championship,Barnsley,Undisclosed,02/08/16
2016-2017,Summer,Leroy Sane,NoneEPLChamp,Schalke 04,Premier,Manchester City,37000000,02/08/16
2016-2017,Summer,Kelvin Wilson,Championship,Nottingham Forest,Championship,Rotherham United,Free,02/08/16
2016-2017,Summer,Alex McCarthy,Premier,Crystal Palace,Premier,Southampton,4000000,01/08/16
2016-2017,Summer,Pied,NoneEPLChamp,Nice,Premier,Southampton,Free,01/08/16
2016-2017,Summer,Matthew Taylor,Premier,Burnley,NoneEPLChamp,Northampton Town,Free,01/08/16
2016-2017,Summer,Jake Gray,Premier,Crystal Palace,NoneEPLChamp,Luton Town,Free,01/08/16
2016-2017,Summer,Grant Ward,Premier,Tottenham Hotspur,Championship,Ipswich Town,600000,01/08/16
2016-2017,Summer,Matt Kilgallon,Championship,Blackburn Rovers,NoneEPLChamp,Bradford City,Free,01/08/16
2016-2017,Summer,Steven Taylor,Championship,Newcastle United,NoneEPLChamp,Portland Timbers,Free,01/08/16
2016-2017,Summer,Silvio,NoneEPLChamp,Atletico Madrid,Championship,Wolverhampton Wanderers,Undisclosed,30/07/16
2016-2017,Summer,Yakou Meite,NoneEPLChamp,PSG,Championship,Reading,Undisclosed,29/07/16
2016-2017,Summer,Armand Traore,Championship,QPR,Championship,Nottingham Forest,Free,29/07/16
2016-2017,Summer,Brad Guzan,Championship,Aston Villa,Premier,Middlesbrough,Free,29/07/16
2016-2017,Summer,Almen Abdi,Championship,Watford,Championship,Sheffield Wednesday,3000000,28/07/16
2016-2017,Summer,Daniel Pudil,Championship,Watford,Championship,Sheffield Wednesday,2000000,28/07/16
2016-2017,Summer,Ivan Lucic,NoneEPLChamp,Bayern Munich,Championship,Bristol City,Undisclosed,27/07/16
2016-2017,Summer,Brad Smith,Premier,Liverpool,Premier,Bournemouth,3000000,27/07/16
2016-2017,Summer,Jake Buxton,Championship,Derby County,Championship,Wigan Athletic,Undisclosed,26/07/16
2016-2017,Summer,Ramadan Sobhi,NoneEPLChamp,Al Ahly,Premier,Stoke City,5000000,25/07/16
2016-2017,Summer,Joe Allen,Premier,Liverpool,Premier,Stoke City,13000000,25/07/16
2016-2017,Summer,Fernando Amorebieta,Championship,Fulham,NoneEPLChamp,Sporting Gijon,250000,22/07/16
2016-2017,Summer,Kevin McDonald,Championship,Wolverhampton Wanderers,Championship,Fulham,750000,22/07/16
2016-2017,Summer,Will Vaulks,NoneEPLChamp,Falkirk,Championship,Rotherham United,300000,22/07/16
2016-2017,Summer,Stephen Henderson,NoneEPLChamp,Charlton Athletic,Championship,Nottingham Forest,Free,22/07/16
2016-2017,Summer,Alex Manninger,NoneEPLChamp,Unattached,Premier,Liverpool,Free,22/07/16
2016-2017,Summer,Damien Perquis,NoneEPLChamp,Unattached,Championship,Nottingham Forest,Free,22/07/16
2016-2017,Summer,Rob Holding,NoneEPLChamp,Bolton Wanderers,Premier,Arsenal,2000000,22/07/16
2016-2017,Summer,Georginio Wijnaldum,Championship,Newcastle United,Premier,Liverpool,25000000,22/07/16
2016-2017,Summer,Brice Dja Djedje,NoneEPLChamp,Marseille,Championship,Watford,2000000,21/07/16
2016-2017,Summer,Grant Hanley,Championship,Blackburn Rovers,Championship,Newcastle United,5500000,21/07/16
2016-2017,Summer,Jake Forster-Caskey,Championship,Brighton & Hove Albion,Championship,Rotherham United,Free,20/07/16
2016-2017,Summer,Ragnar Klavan,NoneEPLChamp,Augsburg,Premier,Liverpool,4200000,20/07/16
2016-2017,Summer,Jobi McAnuff,NoneEPLChamp,Leyton Orient,NoneEPLChamp,Stevenage,Free,19/07/16
2016-2017,Summer,Rob Hall,NoneEPLChamp,Bolton Wanderers,NoneEPLChamp,Oxford United,Free,19/07/16
2016-2017,Summer,Ollie Banks,NoneEPLChamp,Chesterfield,NoneEPLChamp,Oldham Athletic,Free,19/07/16
2016-2017,Summer,Peter Clarke,NoneEPLChamp,Bury,NoneEPLChamp,Oldham Athletic,Free,19/07/16
2016-2017,Summer,Michael McGovern,NoneEPLChamp,Hamilton Academical,Championship,Norwich City,Free,19/07/16
2016-2017,Summer,David Button,Championship,Brentford,Championship,Fulham,1000000,19/07/16
2016-2017,Summer,Scott Malone,Championship,Cardiff City,Championship,Fulham,Swap,19/07/16
2016-2017,Summer,Jazz Richards,Championship,Fulham,Championship,Cardiff City,Swap,19/07/16
2016-2017,Summer,Leon Barnett,Championship,Wigan Athletic,NoneEPLChamp,Bury,Free,19/07/16
2016-2017,Summer,Nick Pope,NoneEPLChamp,Charlton Athletic,Premier,Burnley,1100000,19/07/16
2016-2017,Summer,Johann Berg Guomund,NoneEPLChamp,Charlton Athletic,Premier,Burnley,2500000,19/07/16
2016-2017,Summer,Sam Slocombe,NoneEPLChamp,Oxford United,NoneEPLChamp,Blackpool,Free,19/07/16
2016-2017,Summer,Joe Dodoo,Premier,Leicester City,NoneEPLChamp,Rangers,Free,19/07/16
2016-2017,Summer,Simeon Jackson,Championship,Blackburn Rovers,NoneEPLChamp,Walsall,Free,18/07/16
2016-2017,Summer,Mark Birighitti,NoneEPLChamp,Newcastle Jets,Premier,Swansea City,Free,18/07/16
2016-2017,Summer,Jake Kean,Championship,Norwich City,Championship,Sheffield Wednesday,Free,18/07/16
2016-2017,Summer,Danny Pugh,NoneEPLChamp,Bury,NoneEPLChamp,Blackpool,Free,18/07/16
2016-2017,Summer,Lewis Price,Championship,Sheffield Wednesday,Championship,Rotherham United,Free,16/07/16
2016-2017,Summer,Emanuele Giaccherini,Premier,Sunderland,NoneEPLChamp,Napoli,2000000,16/07/16
2016-2017,Summer,N'Golo Kante,Premier,Leicester City,Premier,Chelsea,30000000,16/07/16
2016-2017,Summer,Antonio Barragan,NoneEPLChamp,Valencia,Premier,Middlesbrough,1500000,15/07/16
2016-2017,Summer,Roy Beerens,NoneEPLChamp,Hertha BSC,Championship,Reading,830000,15/07/16
2016-2017,Summer,Jackson Irvine,NoneEPLChamp,Ross County,Championship,Burton Albion,300000,15/07/16
2016-2017,Summer,Tom Bradshaw,NoneEPLChamp,Walsall,Championship,Barnsley,650000,14/07/16
2016-2017,Summer,Jordon Ibe,Premier,Liverpool,Premier,Bournemouth,15000000,14/07/16
2016-2017,Summer,Elliot Kebbie,NoneEPLChamp,Salford City,Championship,Barnsley,Free,14/07/16
2016-2017,Summer,Dylan Mottley-Henry,NoneEPLChamp,Unattached,Championship,Barnsley,Free,14/07/16
2016-2017,Summer,Martin Skrtel,Premier,Liverpool,NoneEPLChamp,Fenerbahce,5500000,14/07/16
2016-2017,Summer,Sergi Canos,Premier,Liverpool,Championship,Norwich City,2500000,13/07/16
2016-2017,Summer,Jordan Cousins,NoneEPLChamp,Charlton Athletic,Championship,QPR,1300000,13/07/16
2016-2017,Summer,Horour Magnusson,NoneEPLChamp,Juventus,Championship,Bristol City,2500000,13/07/16
2016-2017,Summer,Tyler Hornby-Forbes,NoneEPLChamp,Fleetwood Town,Championship,Brighton & Hove Albion,Undisclosed,12/07/16
2016-2017,Summer,Kyle McFadzean,NoneEPLChamp,MK Dons,Championship,Burton Albion,Undisclosed,12/07/16
2016-2017,Summer,Tyler Reid,Premier,Manchester United,Premier,Swansea City,Undisclosed,12/07/16
2016-2017,Summer,Joe Rothwell,Premier,Manchester United,NoneEPLChamp,Oxford United,Undisclosed,12/07/16
2016-2017,Summer,Ashley Fletcher,Premier,Manchester United,Premier,West Ham United,Free,12/07/16
2016-2017,Summer,Nick Powell,NoneEPLChamp,Unattached,Championship,Wigan Athletic,Free,12/07/16
2016-2017,Summer,Vincent Janssen,NoneEPLChamp,AZ,Premier,Tottenham Hotspur,17000000,12/07/16
2016-2017,Summer,Anssi Jaakkola,NoneEPLChamp,Ajax Cape Town,Championship,Reading,Undisclosed,11/07/16
2016-2017,Summer,George Byers,Premier,Burnley,Premier,Swansea City,Free,11/07/16
2016-2017,Summer,Pierre-Emile Hojbjerg,NoneEPLChamp,Bayern Munich,Premier,Southampton,12800000,11/07/16
2016-2017,Summer,Graziano Pelle,Premier,Southampton,NoneEPLChamp,Shandong Luneng Taishan,12000000,11/07/16
2016-2017,Summer,Isaac Hayden,Premier,Arsenal,Championship,Newcastle United,2500000,11/07/16
2016-2017,Summer,Aaron Tshibola,Championship,Reading,Championship,Aston Villa,5500000,10/07/16
2016-2017,Summer,Raul Albentosa,Championship,Derby County,NoneEPLChamp,Deportivo La Coruna,1000000,09/07/16
2016-2017,Summer,Papiss Cisse,Championship,Newcastle United,NoneEPLChamp,Shandong Luneng Taishan,2500000,09/07/16
2016-2017,Summer,Ahmed Musa,NoneEPLChamp,CSKA Moscow,Premier,Leicester City,16600000,08/07/16
2016-2017,Summer,Sone Aluko,NoneEPLChamp,Unattached,Championship,Fulham,Free,08/07/16
2016-2017,Summer,Jesus Gamez,NoneEPLChamp,Atletico Madrid,Championship,Newcastle United,Free,08/07/16
2016-2017,Summer,Thomas Lam,NoneEPLChamp,PEC Zwolle,Championship,Nottingham Forest,Free,08/07/16
2016-2017,Summer,Lewis Cook,Championship,Leeds United,Premier,Bournemouth,6000000,08/07/16
2016-2017,Summer,Pierluigi Gollini,NoneEPLChamp,Hellas Verona,Championship,Aston Villa,4500000,08/07/16
2016-2017,Summer,Joseph Mendes,NoneEPLChamp,Le Havre,Championship,Reading,Minimal fee,08/07/16
2016-2017,Summer,Jack O'Connell,Championship,Brentford,NoneEPLChamp,Sheffield United,Undisclosed,08/07/16
2016-2017,Summer,Jon Gorenc Stankovic,NoneEPLChamp,Borussia Dortmund,Championship,Huddersfield Town,600000,08/07/16
2016-2017,Summer,Kemar Roofe,NoneEPLChamp,Oxford United,Championship,Leeds United,3000000,07/07/16
2016-2017,Summer,Scott Wagstaff,Championship,Bristol City,NoneEPLChamp,Gillingham,Free,07/07/16
2016-2017,Summer,Henrikh Mkhitaryan,NoneEPLChamp,Borussia Dortmund,Premier,Manchester United,30000000,06/07/16
2016-2017,Summer,Matt Phillips,Championship,QPR,Premier,West Bromwich Albion,5500000,06/07/16
2016-2017,Summer,Mike van der Hoorn,NoneEPLChamp,Ajax,Premier,Swansea City,2000000,06/07/16
2016-2017,Summer,Kenneth Zohore,NoneEPLChamp,Kortrijk,Championship,Cardiff City,Undisclosed,06/07/16
2016-2017,Summer,Fabricio Coloccini,Championship,Newcastle United,NoneEPLChamp,San Lorenzo,Free,05/07/16
2016-2017,Summer,Leroy Fer,Championship,QPR,Premier,Swansea City,4750000,05/07/16
2016-2017,Summer,Marten de Roon,NoneEPLChamp,Atalanta,Premier,Middlesbrough,12000000,05/07/16
2016-2017,Summer,Lee Tomlin,Premier,Bournemouth,Championship,Bristol City,3000000,05/07/16
2016-2017,Summer,James Tomkins,Premier,West Ham United,Premier,Crystal Palace,10000000,05/07/16
2016-2017,Summer,Casper Sloth,Championship,Leeds United,NoneEPLChamp,AaB,Undisclosed,04/07/16
2016-2017,Summer,Oleksandr Zinchenko,NoneEPLChamp,Ufa,Premier,Manchester City,1700000,04/07/16
2016-2017,Summer,Callum Robinson,Championship,Aston Villa,Championship,Preston North End,Undisclosed,04/07/16
2016-2017,Summer,Rowan Liburd,Championship,Reading,NoneEPLChamp,Stevenage,Undisclosed,04/07/16
2016-2017,Summer,Takuma Asano,NoneEPLChamp,Sanfrecce Hiroshima,Premier,Arsenal,5000000,03/07/16
2016-2017,Summer,Michy Batshuayi,NoneEPLChamp,Marseille,Premier,Chelsea,33200000,03/07/16
2016-2017,Summer,Nampalys Mendy,NoneEPLChamp,Nice,Premier,Leicester City,13000000,03/07/16
2016-2017,Summer,Anders Lindegaard,Premier,West Bromwich Albion,Championship,Preston North End,Free,02/07/16
2016-2017,Summer,Santiago Vergini,Premier,Sunderland,NoneEPLChamp,Boca Juniors,1500000,01/07/16
2016-2017,Summer,Frederic Gounongbe,NoneEPLChamp,Westerlo,Championship,Cardiff City,Free,01/07/16
2016-2017,Summer,Jose Angel Crespo,Championship,Aston Villa,NoneEPLChamp,PAOK,Free,01/07/16
2016-2017,Summer,Gabriele Angella,Championship,Watford,NoneEPLChamp,Udinese,Undisclosed,01/07/16
2016-2017,Summer,Daniel Bentley,NoneEPLChamp,Southend United,Championship,Brentford,Free,01/07/16
2016-2017,Summer,John Egan,NoneEPLChamp,Gillingham,Championship,Brentford,Free,01/07/16
2016-2017,Summer,Romaine Sawyers,NoneEPLChamp,Walsall,Championship,Brentford,Free,01/07/16
2016-2017,Summer,Steve Mandanda,NoneEPLChamp,Marseille,Premier,Crystal Palace,1500000,01/07/16
2016-2017,Summer,Andros Townsend,Championship,Newcastle United,Premier,Crystal Palace,13000000,01/07/16
2016-2017,Summer,Maarten Stekelenburg,Championship,Fulham,Premier,Everton,1000000,01/07/16
2016-2017,Summer,Floyd Ayite,NoneEPLChamp,Bastia,Championship,Fulham,1690000,01/07/16
2016-2017,Summer,Nolito,NoneEPLChamp,Celta Vigo,Premier,Manchester City,13800000,01/07/16
2016-2017,Summer,Zlatan Ibrahimovic,NoneEPLChamp,Paris Saint Germain,Premier,Manchester United,Free,01/07/16
2016-2017,Summer,Dwight Gayle,Premier,Crystal Palace,Championship,Newcastle United,10000000,01/07/16
2016-2017,Summer,Matt Ritchie,Premier,Bournemouth,Championship,Newcastle United,12000000,01/07/16
2016-2017,Summer,Jake Bidwell,Championship,Brentford,Championship,QPR,1300000,01/07/16
2016-2017,Summer,Steven Fletcher,Premier,Sunderland,Championship,Sheffield Wednesday,Free,01/07/16
2016-2017,Summer,Lawrence Vigouroux,Premier,Liverpool,NoneEPLChamp,Swindon Town,360000,01/07/16
2016-2017,Summer,Christian Kabasele,NoneEPLChamp,Genk,Championship,Watford,6000000,01/07/16
2016-2017,Summer,Isaac Success,NoneEPLChamp,Granada,Championship,Watford,12500000,01/07/16
2016-2017,Summer,Marcus Antonsson,NoneEPLChamp,Kalmar,Championship,Leeds United,1600000,01/07/16
2016-2017,Summer,Sadio Mane,Premier,Southampton,Premier,Liverpool,34000000,01/07/16
2016-2017,Summer,Paul Digby,Championship,Barnsley,Championship,Ipswich Town,Free,01/07/16
2016-2017,Summer,Moussa Dembele,Championship,Fulham,NoneEPLChamp,Celtic,Free,01/07/16
2016-2017,Summer,Denny Johnstone,Championship,Birmingham City,NoneEPLChamp,Colchester United,Undisclosed,01/07/16
2016-2017,Summer,Tommy Spurr,Championship,Blackburn Rovers,Championship,Preston North End,Free,01/07/16
2016-2017,Summer,Glen Rea,Championship,Brighton & Hove Albion,NoneEPLChamp,Luton Town,Undisclosed,01/07/16
2016-2017,Summer,Nathan Redmond,Championship,Norwich City,Premier,Southampton,11000000,01/07/16
2016-2017,Summer,Liam Feeney,NoneEPLChamp,Bolton Wanderers,Championship,Blackburn Rovers,Free,01/07/16
2016-2017,Summer,Yusuf Coban,Premier,Stoke City,NoneEPLChamp,Hoffenheim,Free,01/07/16
2016-2017,Summer,Robert Tesche,Championship,Nottingham Forest,Championship,Birmingham City,Free,01/07/16
2016-2017,Summer,Elliot Lee,Premier,West Ham United,Championship,Barnsley,Free,01/07/16
2016-2017,Summer,Victor Wanyama,Premier,Southampton,Premier,Tottenham Hotspur,11000000,01/07/16
2016-2017,Summer,Dan Burn,Championship,Fulham,Championship,Wigan Athletic,Free,01/07/16
2016-2017,Summer,Danny Graham,Premier,Sunderland,Championship,Blackburn Rovers,Free,01/07/16
2016-2017,Summer,Ben Turner,Championship,Cardiff City,Championship,Burton Albion,Free,01/07/16
2016-2017,Summer,Ariel Borysiuk,NoneEPLChamp,Legia Warsaw,Championship,QPR,Undisclosed,01/07/16
2016-2017,Summer,Seko Fofana,Premier,Manchester City,NoneEPLChamp,Udinese,3800000,01/07/16
2016-2017,Summer,George Moncur,NoneEPLChamp,Colchester United,Championship,Barnsley,500000,01/07/16
2016-2017,Summer,Luis Hernandez,NoneEPLChamp,Sporting Gijon,Premier,Leicester City,Free,01/07/16
2016-2017,Summer,Alex Gilbey,NoneEPLChamp,Colchester United,NoneEPLChamp,Wigan Atheltic,Compensation,01/07/16
2016-2017,Summer,Remy Cabella,Championship,Newcastle United,NoneEPLChamp,Marseille,7300000,01/07/16
2016-2017,Summer,Tommy Elphick,Premier,Bournemouth,Championship,Aston Villa,3000000,01/07/16
2016-2017,Summer,Jack Payne,NoneEPLChamp,Southend United,Championship,Huddersfield Town,Free,01/07/16
2016-2017,Summer,Alberto Paloschi,Premier,Swansea City,NoneEPLChamp,Atalanta,6000000,01/07/16
2016-2017,Summer,Matt Derbyshire,Championship,Rotherham United,NoneEPLChamp,Omonia,Free,01/07/16
2016-2017,Summer,Samuel Friojonsson,Championship,Reading,NoneEPLChamp,Valerenga,Free,01/07/16
2016-2017,Summer,Anthony Stokes,NoneEPLChamp,Celtic,Championship,Blackburn Rovers,Free,01/07/16
2016-2017,Summer,Emerson Hyndman,Championship,Fulham,Premier,Bournemouth,Free,01/07/16
2016-2017,Summer,Stipe Perica,Premier,Chelsea,NoneEPLChamp,Udinese,Undisclosed,01/07/16
2016-2017,Summer,Bernardo,NoneEPLChamp,Sporting Gijon,Premier,Middlesbrough,Free,01/07/16
2016-2017,Summer,Joao Carlos Teixeira,Premier,Liverpool,NoneEPLChamp,Porto,250000,01/07/16
2016-2017,Summer,Ben Hall,NoneEPLChamp,Motherwell,Championship,Brighton & Hove Albion,200000,01/07/16
2016-2017,Summer,Harry White,Championship,Barnsley,NoneEPLChamp,Solihull Moors,Undisclosed,01/07/16
2016-2017,Summer,Sofiane Feghouli,NoneEPLChamp,Valencia,Premier,West Ham United,Free,01/07/16
2016-2017,Summer,Steve Sidwell,Premier,Stoke City,Championship,Brighton & Hove Albion,Free,01/07/16
2016-2017,Summer,Juanmi,Premier,Southampton,NoneEPLChamp,Real Sociedad,Undisclosed,01/07/16
2016-2017,Summer,Gary O'Neil,Championship,Norwich City,Championship,Bristol City,Free,01/07/16
2016-2017,Summer,Eric Bailly,NoneEPLChamp,Villarreal,Premier,Manchester United,30000000,01/07/16
2016-2017,Summer,Andy Lonergan,Championship,Fulham,Championship,Wolverhampton Wanderers,Undisclosed,01/07/16
2016-2017,Summer,Joel Coleman,NoneEPLChamp,Oldham Athletic,Championship,Huddersfield Town,100000,01/07/16
2016-2017,Summer,Ivan Paurevic,NoneEPLChamp,Ufa,Championship,Huddersfield Town,Undisclosed,01/07/16
2016-2017,Summer,Ron-Robert Zieler,NoneEPLChamp,Hannover 96,Premier,Leicester City,2600000,01/07/16
2016-2017,Summer,Josh Brownhill,Championship,Preston North End,Championship,Bristol City,Signed,01/07/16
2016-2017,Summer,Ilkay Gundogan,NoneEPLChamp,Borussia Dortmund,Premier,Manchester City,20000000,01/07/16
2016-2017,Summer,Stephen Warnock,Championship,Derby County,Championship,Wigan Athletic,Free,01/07/16
2016-2017,Summer,George Taft,Championship,Burton Albion,NoneEPLChamp,Mansfield Town,Free,01/07/16
2016-2017,Summer,Viktor Fischer,NoneEPLChamp,Ajax,Premier,Middlesbrough,3800000,01/07/16
2016-2017,Summer,Andrej Kramaric,NoneEPLChamp,Leicester,NoneEPLChamp,Hoffenheim,Undisclosed,01/07/16
2016-2017,Summer,Aaron McCarey,Championship,Wolverhampton Wanderers,NoneEPLChamp,Ross County,Free,01/07/16
2016-2017,Summer,Granit Xhaka,NoneEPLChamp,Borussia Monchengladbach,Premier,Arsenal,33800000,01/07/16
2016-2017,Summer,Alex Cairns,NoneEPLChamp,Rotheherham United,NoneEPLChamp,Fleetwood Town,Free,01/07/16
2016-2017,Summer,Christopher Paul,Premier,Tottenham Hotspur,Championship,QPR,Free,01/07/16
2016-2017,Summer,Danzell Gravenberch,NoneEPLChamp,Dordrecht,Championship,Reading,400000,01/07/16
2016-2017,Summer,Domingos Quina,NoneEPLChamp,Benfica,Premier,West Ham United,Free,01/07/16
2016-2017,Summer,Eder,Premier,Swansea City,NoneEPLChamp,Lille,3400000,01/07/16
2016-2017,Summer,Joey Barton,Premier,Burnley,NoneEPLChamp,Rangers,Free,01/07/16
2016-2017,Summer,Ben Pollock,Championship,Newcastle United,NoneEPLChamp,Hartlepool United,Free,01/07/16
2016-2017,Summer,Loris Karius,NoneEPLChamp,Mainz 05,Premier,Liverpool,4700000,01/07/16
2016-2017,Summer,Kaydon Jackson,NoneEPLChamp,Wrexham,Championship,Barnsley,Free,01/07/16
2016-2017,Summer,Michael Madl,NoneEPLChamp,Sturm Graz,Championship,Fulham,Undisclosed,01/07/16
2016-2017,Summer,Adam Webster,NoneEPLChamp,Portsmouth,Championship,Ipswich Town,Swap,01/07/16
2016-2017,Summer,Matthew Clarke,Championship,Ipswich Town,NoneEPLChamp,Portsmouth,Swap,01/07/16
2016-2017,Summer,Miguel Layun,Championship,Watford,NoneEPLChamp,Porto,4000000,01/07/16
2016-2017,Summer,Konstantinos Mitroglou,Championship,Fulham,NoneEPLChamp,Benfica,5590000,01/07/16
2016-2017,Summer,Tommy Rowe,Championship,Wolverhampton Wanderers,NoneEPLChamp,Doncaster Rovers,Undisclosed,01/07/16
2016-2017,Summer,Andy Yiadom,NoneEPLChamp,Barnet,Championship,Barnsley,Free,01/07/16
2016-2017,Summer,Chris Maxwell,NoneEPLChamp,Fleetwood Town,Championship,Preston North End,Free,01/07/16
2016-2017,Summer,Havard Nordtveit,NoneEPLChamp,Borussia Monchengladbach,Premier,West Ham United,Free,01/07/16
2016-2017,Summer,Jordan Rossiter,Premier,Liverpool,NoneEPLChamp,Rangers,250000,01/07/16
2016-2017,Summer,Lex Immers,NoneEPLChamp,Feyenoord,Championship,Cardiff City,Undisclosed,01/07/16
2016-2017,Summer,Jonathan Edwards,NoneEPLChamp,Peterborough United,Premier,Hull City,Undisclosed,01/07/16
2016-2017,Summer,Jayden Stockley,Premier,Bournemouth,NoneEPLChamp,Aberdeen,Free,01/07/16
2016-2017,Summer,Tony Martinez,NoneEPLChamp,Valencia,Premier,West Ham United,2400000,01/07/16
2016-2017,Summer,Rhys Williams,Premier,Middlesbrough,NoneEPLChamp,Perth Glory,Free,01/07/16
2016-2017,Summer,Michael Hefele,NoneEPLChamp,Dynamo Dresden,Championship,Huddersfield Town,Free,01/07/16
2016-2017,Summer,Jack Storer,NoneEPLChamp,Stevenage,Championship,Birmingham City,Undisclosed,01/07/16
2016-2017,Summer,Chris Lowe,NoneEPLChamp,Kaiserslautern,Championship,Huddersfield Town,Free,01/07/16
2016-2017,Summer,Freddie Ladapo,NoneEPLChamp,Margate,Premier,Crystal Palace,Undisclosed,01/07/16
2016-2017,Summer,Manuel Lanzini,NoneEPLChamp,Al-Jazira,Premier,West Ham United,9000000,01/07/16
2016-2017,Summer,Tim Howard,Premier,Everton,NoneEPLChamp,Colorado Rapids,Free,01/07/16
2016-2017,Summer,Isak Ssewankambo,Championship,Derby County,NoneEPLChamp,Molde,Undisclosed,01/07/16
2016-2017,Summer,Francisco Junior,Premier,Everton,NoneEPLChamp,Stromsgodset,Free,01/07/16
2016-2017,Summer,Joel Matip,NoneEPLChamp,Schalke 04,Premier,Liverpool,Free,01/07/16
2016-2017,Summer,Ryan Shotton,Championship,Derby County,Championship,Birmingham City,500000,01/07/16
2016-2017,Summer,Lys Mousset,NoneEPLChamp,Le Havre,Premier,Bournemouth,5400000,01/07/16
2016-2017,Summer,Aaron Mooy,NoneEPLChamp,Melbourne City,Premier,Manchester City,Free,01/07/16
2016-2017,Summer,Anthony Forde,NoneEPLChamp,Walsall,Championship,Rotherham United,Undisclosed,01/07/16
2016-2017,Summer,Jerome Sinclair,Premier,Liverpool,Championship,Watford,4000000,01/07/16
2016-2017,Summer,Karim Matmour,Championship,Huddersfield Town,NoneEPLChamp,1860 Munich,Free,01/07/16
2016-2017,Summer,Reece Mitchell,Premier,Chelsea,NoneEPLChamp,Chesterfield,Free,01/07/16
2016-2017,Summer,Christopher Schindler,NoneEPLChamp,1860 Munich,Championship,Huddersfield Town,1800000,01/07/16
2016-2017,Summer,Raul Uche,NoneEPLChamp,Rayo Vallecano,Premier,Leicester City,Undisclosed,01/07/16
2016-2017,Summer,Sels,NoneEPLChamp,Gent,Championship,Newcastle United,5000000,01/07/16
2016-2017,Summer,Eoin Doyle,Championship,Cardiff City,Championship,Preston North End,Undisclosed,01/07/16
2016-2017,Summer,Joel Lynch,Championship,Huddersfield Town,Championship,QPR,1200000,01/07/16
2016-2017,Summer,Joey van den Berg,NoneEPLChamp,Heerenveen,Championship,Reading,Free,01/07/16
